<?xml version="1.0"?>
<!--<!DOCTYPE metadata SYSTEM "http://www.esri.com/metadata/esriprof80.dtd">-->
<metadata xml:lang="en"><Esri><CreaDate>20040224</CreaDate><CreaTime>08284400</CreaTime><SyncOnce>FALSE</SyncOnce><SyncDate>20131224</SyncDate><SyncTime>11253900</SyncTime><ModDate>20131224</ModDate><ModTime>11253900</ModTime><MetaID>{904C7C49-7EB6-4A90-9A70-100CBF3A8600}</MetaID></Esri><idinfo><native Sync="TRUE">Microsoft Windows Vista Version 6.1 (Build 7601) Service Pack 1; ESRI ArcCatalog 9.3.1.4000</native><descript><langdata Sync="TRUE">en</langdata><abstract>The data set displays the network of parks and open spaces within the four central Puget Sound counties of King, Kitsap, Pierce, and Snohomish. </abstract><purpose>The data set displays the network of open space in the region.</purpose><supplinf>PSRC derived dataset from local data sources.</supplinf></descript><citation><citeinfo><origin>Regional Council staff collected the data from the four counties and their local jurisdictions. The data was then assembled or digitized from the various sources into a single shape file. The data collection was part of a database project to inventory, map, and analyze the network of green space in the region. </origin><pubdate>November 2003</pubdate><title>Parks and Open Space</title><ftname Sync="TRUE">parkos</ftname><geoform Sync="TRUE">vector digital data</geoform><onlink Sync="TRUE">\\file2\gisapps\geodata\parcel\parkos.shp</onlink></citeinfo></citation><timeperd><current>ground condition</current><timeinfo><sngdate><caldate>November 2003</caldate></sngdate></timeinfo></timeperd><status><progress>Complete</progress><update>As needed</update></status><spdom><bounding><westbc Sync="TRUE">-122.945907</westbc><eastbc Sync="TRUE">-121.060579</eastbc><northbc Sync="TRUE">48.305466</northbc><southbc Sync="TRUE">46.848727</southbc></bounding><lboundng><leftbc Sync="TRUE">1126148.956050</leftbc><rightbc Sync="TRUE">1583562.375000</rightbc><bottombc Sync="TRUE">-48315.416081</bottombc><topbc Sync="TRUE">476285.711819</topbc></lboundng></spdom><keywords><theme><themekt>REQUIRED: Reference to a formally registered thesaurus or a similar authoritative source of theme keywords.</themekt><themekey>parks</themekey><themekey>open space</themekey><themekey>golf courses</themekey><themekey>recreation</themekey></theme><place><placekey>King county</placekey><placekey>Pierce county</placekey><placekey>Kitsap county</placekey><placekey>Snohomish county</placekey><placekey>Washington</placekey><placekey>WA</placekey></place></keywords><accconst>Access to the data requires the applicant to submit a data request and pay any applicable reproduction costs.</accconst><useconst>The information contained herein was developed for general regional land use and transportation planning purposes. The users of this information must determine its suitability for any other purpose. Some of this data may have been compiled from other sources. The PSRC does not accept responsibility for the quality of third-party data or data contributed by others. Locations of all facilities are approximate. Do not redistribute.</useconst><natvform Sync="TRUE">Shapefile</natvform></idinfo><metainfo><langmeta Sync="TRUE">en</langmeta><metstdn Sync="TRUE">FGDC Content Standards for Digital Geospatial Metadata</metstdn><metstdv Sync="TRUE">FGDC-STD-001-1998</metstdv><mettc Sync="TRUE">local time</mettc><metc><cntinfo><cntorgp><cntper>Stacy Haines</cntper><cntorg>Puget Sound Regional Council</cntorg></cntorgp><cntaddr><addrtype>mailing and physical address</addrtype><city>Seattle</city><state>WA</state><postal>98104-1035</postal><address>1011 Western Avenue, Suite 500</address><country>USA</country></cntaddr><cntvoice>206.464.7540</cntvoice><cntpos>Assistant GIS Analyst</cntpos><cntfax>206.587.4825</cntfax><cntemail>shaines@psrc.org</cntemail><cntinst>Call, e-mail, or write with requests for data sets.</cntinst></cntinfo></metc><metd Sync="TRUE">20131224</metd><metextns><onlink Sync="TRUE">http://www.esri.com/metadata/esriprof80.html</onlink><metprof Sync="TRUE">ESRI Metadata Profile</metprof></metextns></metainfo><spdoinfo><direct Sync="TRUE">Vector</direct><ptvctinf><esriterm Name="parkos"><efeatyp Sync="TRUE">Simple</efeatyp><efeageom Sync="TRUE">Polygon</efeageom><esritopo Sync="TRUE">FALSE</esritopo><efeacnt Sync="TRUE">1962</efeacnt><spindex Sync="TRUE">TRUE</spindex><linrefer Sync="TRUE">FALSE</linrefer></esriterm><sdtsterm Name="parkos"><sdtstype Sync="TRUE">G-polygon</sdtstype><ptvctcnt Sync="TRUE">1962</ptvctcnt></sdtsterm></ptvctinf></spdoinfo><eainfo><detailed Name="parkos"><enttyp><enttypl Sync="TRUE">parkos</enttypl><enttypt Sync="TRUE">Feature Class</enttypt><enttypc Sync="TRUE">1962</enttypc></enttyp><attr><attrlabl Sync="TRUE">FID</attrlabl><attalias Sync="TRUE">FID</attalias><attrtype Sync="TRUE">OID</attrtype><attwidth Sync="TRUE">4</attwidth><atprecis Sync="TRUE">0</atprecis><attscale Sync="TRUE">0</attscale><attrdef Sync="TRUE">Internal feature number.</attrdef><attrdefs Sync="TRUE">ESRI</attrdefs><attrdomv><udom Sync="TRUE">Sequential unique whole numbers that are automatically generated.</udom></attrdomv></attr><attr><attrlabl Sync="TRUE">Shape</attrlabl><attalias Sync="TRUE">Shape</attalias><attrtype Sync="TRUE">Geometry</attrtype><attwidth Sync="TRUE">0</attwidth><atprecis Sync="TRUE">0</atprecis><attscale Sync="TRUE">0</attscale><attrdef Sync="TRUE">Feature geometry.</attrdef><attrdefs Sync="TRUE">ESRI</attrdefs><attrdomv><udom Sync="TRUE">Coordinates defining the features.</udom></attrdomv></attr><attr><attrlabl Sync="TRUE">NAME</attrlabl><attalias Sync="TRUE">NAME</attalias><attrtype Sync="TRUE">String</attrtype><attwidth Sync="TRUE">40</attwidth><attrdef>No description</attrdef></attr><attr><attrlabl Sync="TRUE">POS_ID</attrlabl><attalias Sync="TRUE">POS_ID</attalias><attrtype Sync="TRUE">Number</attrtype><attwidth Sync="TRUE">5</attwidth><attrdef>No description</attrdef></attr><attr><attrlabl Sync="TRUE">SUM_ACRES</attrlabl><attalias Sync="TRUE">SUM_ACRES</attalias><attrtype Sync="TRUE">Number</attrtype><attwidth Sync="TRUE">18</attwidth><attrdef>Name of green space</attrdef><atnumdec Sync="TRUE">4</atnumdec></attr><attr><attrlabl Sync="TRUE">ALT_NAME</attrlabl><attalias Sync="TRUE">ALT_NAME</attalias><attrtype Sync="TRUE">String</attrtype><attwidth Sync="TRUE">60</attwidth><attrdef>Area in acres</attrdef></attr><attr><attrlabl Sync="TRUE">LOC_DESC</attrlabl><attalias Sync="TRUE">LOC_DESC</attalias><attrtype Sync="TRUE">String</attrtype><attwidth Sync="TRUE">60</attwidth><attrdef>Alternative name associated with open space</attrdef></attr><attr><attrlabl Sync="TRUE">CITY</attrlabl><attalias Sync="TRUE">CITY</attalias><attrtype Sync="TRUE">String</attrtype><attwidth Sync="TRUE">32</attwidth><attrdef>General vicinity or location of property.</attrdef></attr><attr><attrlabl Sync="TRUE">COUNTY</attrlabl><attalias Sync="TRUE">COUNTY</attalias><attrtype Sync="TRUE">String</attrtype><attwidth Sync="TRUE">16</attwidth><attrdef>City that the park or open space is associated with</attrdef></attr><attr><attrlabl Sync="TRUE">POS_TYPE</attrlabl><attalias Sync="TRUE">POS_TYPE</attalias><attrtype Sync="TRUE">String</attrtype><attwidth Sync="TRUE">10</attwidth><attrdef>County that the park or open space is associated with</attrdef><attrdomv><udom>King, Kitsap, Pierce, Snohomish</udom></attrdomv></attr><attr><attrlabl Sync="TRUE">LAND_ACRES</attrlabl><attalias Sync="TRUE">LAND_ACRES</attalias><attrtype Sync="TRUE">Number</attrtype><attwidth Sync="TRUE">6</attwidth><attrdef>Green space Type.  How the area is classed?</attrdef><attrdomv><udom>Values are phrases indicating a general area type: park, open space, utility, environmental, and trail</udom></attrdomv><atnumdec Sync="TRUE">2</atnumdec></attr><attr><attrlabl Sync="TRUE">WATER_ACRE</attrlabl><attalias Sync="TRUE">WATER_ACRE</attalias><attrtype Sync="TRUE">Number</attrtype><attwidth Sync="TRUE">6</attwidth><attrdef>Total acres of green space land</attrdef><atnumdec Sync="TRUE">2</atnumdec></attr><attr><attrlabl Sync="TRUE">TRAILS</attrlabl><attalias Sync="TRUE">TRAILS</attalias><attrtype Sync="TRUE">Number</attrtype><attwidth Sync="TRUE">4</attwidth><attrdef>	Acres of water (if green space is associated with a water body)</attrdef><atnumdec Sync="TRUE">2</atnumdec></attr><attr><attrlabl Sync="TRUE">REC_ACRES</attrlabl><attalias Sync="TRUE">REC_ACRES</attalias><attrtype Sync="TRUE">Number</attrtype><attwidth Sync="TRUE">6</attwidth><attrdef>Acres of separated trails.</attrdef><atnumdec Sync="TRUE">2</atnumdec></attr><attr><attrlabl Sync="TRUE">RES_ACRES</attrlabl><attalias Sync="TRUE">RES_ACRES</attalias><attrtype Sync="TRUE">Number</attrtype><attwidth Sync="TRUE">6</attwidth><attrdef>Acres of recreation activities.  Athletic and active parks</attrdef><atnumdec Sync="TRUE">2</atnumdec></attr><attr><attrlabl Sync="TRUE">SPEC_USE</attrlabl><attalias Sync="TRUE">SPEC_USE</attalias><attrtype Sync="TRUE">Number</attrtype><attwidth Sync="TRUE">6</attwidth><attrdef>Acres of resource activities.  Active resource open spaces, including swimming beaches and water craft access.</attrdef><atnumdec Sync="TRUE">2</atnumdec></attr><attr><attrlabl Sync="TRUE">UNDVLP</attrlabl><attalias Sync="TRUE">UNDVLP</attalias><attrtype Sync="TRUE">Number</attrtype><attwidth Sync="TRUE">16</attwidth><attrdef>Acres of resource conservancies.  Significant environmental sites (unique wetlands, open spaces, woodlands, etc.)</attrdef><atnumdec Sync="TRUE">2</atnumdec></attr><attr><attrlabl Sync="TRUE">OWN_JUR</attrlabl><attalias Sync="TRUE">OWN_JUR</attalias><attrtype Sync="TRUE">String</attrtype><attwidth Sync="TRUE">16</attwidth><attrdef>Acres of special uses such as golf courses, fairgrounds</attrdef></attr><attr><attrlabl Sync="TRUE">OWNER</attrlabl><attalias Sync="TRUE">OWNER</attalias><attrtype Sync="TRUE">String</attrtype><attwidth Sync="TRUE">15</attwidth><attrdef>Acres of the green space, if undeveloped</attrdef></attr><attr><attrlabl Sync="TRUE">MANAGER</attrlabl><attalias Sync="TRUE">MANAGER</attalias><attrtype Sync="TRUE">String</attrtype><attwidth Sync="TRUE">32</attwidth><attrdef>Ownership.  </attrdef><attrdomv><udom>Values are phrases indicating generic ownership:state, county, city, public, private, etc…</udom></attrdomv></attr><attr><attrlabl Sync="TRUE">JUR</attrlabl><attalias Sync="TRUE">JUR</attalias><attrtype Sync="TRUE">String</attrtype><attwidth Sync="TRUE">24</attwidth><attrdef>Full name of owner</attrdef></attr><attr><attrlabl Sync="TRUE">ZONE_PLAN</attrlabl><attalias Sync="TRUE">ZONE_PLAN</attalias><attrtype Sync="TRUE">String</attrtype><attwidth Sync="TRUE">32</attwidth><attrdef>Whoever maintains the green space</attrdef></attr><attr><attrlabl Sync="TRUE">OTHER</attrlabl><attalias Sync="TRUE">OTHER</attalias><attrtype Sync="TRUE">String</attrtype><attwidth Sync="TRUE">20</attwidth><attrdef>The jurisdiction the green space is in</attrdef></attr><attr><attrlabl Sync="TRUE">CLOSURES</attrlabl><attalias Sync="TRUE">CLOSURES</attalias><attrtype Sync="TRUE">String</attrtype><attwidth Sync="TRUE">64</attwidth><attrdef>Zoning where green space is located</attrdef></attr><attr><attrlabl Sync="TRUE">USE_LEVEL</attrlabl><attalias Sync="TRUE">USE_LEVEL</attalias><attrtype Sync="TRUE">String</attrtype><attwidth Sync="TRUE">7</attwidth><attrdef>No description</attrdef></attr><attr><attrlabl Sync="TRUE">USE_CLASS</attrlabl><attalias Sync="TRUE">USE_CLASS</attalias><attrtype Sync="TRUE">String</attrtype><attwidth Sync="TRUE">14</attwidth><attrdef>No description</attrdef></attr><attr><attrlabl Sync="TRUE">CAMPING</attrlabl><attalias Sync="TRUE">CAMPING</attalias><attrtype Sync="TRUE">String</attrtype><attwidth Sync="TRUE">6</attwidth><attrdef>Distinguishes between different types of green space</attrdef><attrdomv><udom>Values are phrases indicating 	 Active (athletic fields, play areas, etc.)	 Passive (nature trails, picnic areas, etc.)	 Open Space (no public access)  Special (golf courses, fairgrounds, meeting rooms, etc.)</udom></attrdomv></attr><attr><attrlabl Sync="TRUE">STATUS</attrlabl><attalias Sync="TRUE">STATUS</attalias><attrtype Sync="TRUE">String</attrtype><attwidth Sync="TRUE">8</attwidth><attrdef>Level of use as defined by the jurisdiction that has included the facility in the inventory.</attrdef><attrdomv><udom> Local (locally significant sites and properties that are used by residents of the immediate area, usually on a Neighborhood or Community level), Regional (regionally significant sites and properties that are used by residents from the county or region)</udom></attrdomv></attr><attr><attrlabl Sync="TRUE">FACILITIES</attrlabl><attalias Sync="TRUE">FACILITIES</attalias><attrtype Sync="TRUE">String</attrtype><attwidth Sync="TRUE">1</attwidth><attrdef>On site camping facilities.</attrdef></attr><attr><attrlabl Sync="TRUE">TYPE</attrlabl><attalias Sync="TRUE">TYPE</attalias><attrtype Sync="TRUE">String</attrtype><attwidth Sync="TRUE">16</attwidth><attrdef>Provides status of green space.</attrdef><attrdomv><udom>	Improved (facilities such as trails, ball fields, signs, benches, etc.) Unimproved (jurisdiction     owns space, but no improvements have been made.  May or may not have public access)</udom></attrdomv></attr><attr><attrlabl Sync="TRUE">PARK_NOTES</attrlabl><attalias Sync="TRUE">PARK_NOTES</attalias><attrtype Sync="TRUE">String</attrtype><attwidth Sync="TRUE">254</attwidth><attrdef>No description</attrdef></attr><attr><attrlabl Sync="TRUE">FIRST_DATA</attrlabl><attalias Sync="TRUE">FIRST_DATA</attalias><attrtype Sync="TRUE">String</attrtype><attwidth Sync="TRUE">64</attwidth><attrdef>Type of green space</attrdef><attrdomv><udom>Values are phrases indicating a green space type:Neighborhood, community, etc. from jurisdiction's plan or description)</udom></attrdomv></attr><attr><attrlabl Sync="TRUE">AREA_FEET</attrlabl><attalias Sync="TRUE">AREA_FEET</attalias><attrtype Sync="TRUE">Number</attrtype><attwidth Sync="TRUE">16</attwidth><attrdef>What is located at the green space?</attrdef><atnumdec Sync="TRUE">3</atnumdec></attr><attr><attrlabl Sync="TRUE">PERIMETER_</attrlabl><attalias Sync="TRUE">PERIMETER_</attalias><attrtype Sync="TRUE">Number</attrtype><attwidth Sync="TRUE">16</attwidth><attrdef>Source of data</attrdef><atnumdec Sync="TRUE">3</atnumdec></attr><attr><attrlabl Sync="TRUE">ACRES</attrlabl><attalias Sync="TRUE">ACRES</attalias><attrtype Sync="TRUE">Number</attrtype><attwidth Sync="TRUE">16</attwidth><attrdef>No description</attrdef><atnumdec Sync="TRUE">3</atnumdec></attr><attr><attrlabl Sync="TRUE">HECTARES</attrlabl><attalias Sync="TRUE">HECTARES</attalias><attrtype Sync="TRUE">Number</attrtype><attwidth Sync="TRUE">16</attwidth><attrdef>Area of feature in internal units squared</attrdef><atnumdec Sync="TRUE">3</atnumdec></attr></detailed></eainfo><distinfo><stdorder><digform><digtinfo><transize Sync="TRUE">5.155</transize><dssize Sync="TRUE">5.155</dssize></digtinfo></digform></stdorder><resdesc Sync="TRUE">Downloadable Data</resdesc></distinfo><spref><horizsys><cordsysn><projcsn>NAD 1983 StatePlane Washington North FIPS 4601 (Feet)</projcsn><geogcsn Sync="TRUE">GCS_North_American_1983</geogcsn></cordsysn><geodetic><horizdn>North American Datum of 1983</horizdn><ellips>Geodetic Reference System 80</ellips><semiaxis>6378137</semiaxis><denflat>298.257</denflat></geodetic><planar><planci><plance>coordinate pair</plance><plandu>survey feet</plandu><coordrep><absres Sync="TRUE">0.000000</absres><ordres Sync="TRUE">0.000000</ordres></coordrep></planci><mapproj><mapprojn Sync="TRUE">Lambert Conformal Conic</mapprojn><lambertc><stdparll Sync="TRUE">47.500000</stdparll><stdparll Sync="TRUE">48.733333</stdparll><longcm Sync="TRUE">-120.833333</longcm><latprjo Sync="TRUE">47.000000</latprjo><feast Sync="TRUE">1640416.666667</feast><fnorth Sync="TRUE">0.000000</fnorth></lambertc></mapproj></planar></horizsys></spref><dataIdInfo><envirDesc Sync="TRUE">Microsoft Windows Vista Version 6.1 (Build 7601) Service Pack 1; ESRI ArcCatalog 9.3.1.4000</envirDesc><dataLang><languageCode Sync="TRUE" value="en"></languageCode></dataLang><idCitation><resTitle Sync="TRUE">parkos</resTitle><presForm><PresFormCd Sync="TRUE" value="005"></PresFormCd></presForm></idCitation><spatRpType><SpatRepTypCd Sync="TRUE" value="001"></SpatRepTypCd></spatRpType><dataExt><geoEle><GeoBndBox esriExtentType="native"><westBL Sync="TRUE">1126148.95605</westBL><eastBL Sync="TRUE">1583562.375</eastBL><northBL Sync="TRUE">476285.711819</northBL><southBL Sync="TRUE">-48315.416081</southBL><exTypeCode Sync="TRUE">1</exTypeCode></GeoBndBox></geoEle></dataExt><geoBox esriExtentType="decdegrees"><westBL Sync="TRUE">-122.945907</westBL><eastBL Sync="TRUE">-121.060579</eastBL><northBL Sync="TRUE">48.305466</northBL><southBL Sync="TRUE">46.848727</southBL><exTypeCode Sync="TRUE">1</exTypeCode></geoBox></dataIdInfo><mdLang><languageCode Sync="TRUE" value="en"></languageCode></mdLang><mdStanName Sync="TRUE">ISO 19115 Geographic Information - Metadata</mdStanName><mdStanVer Sync="TRUE">DIS_ESRI1.0</mdStanVer><mdChar><CharSetCd Sync="TRUE" value="004"></CharSetCd></mdChar><mdHrLv><ScopeCd Sync="TRUE" value="005"></ScopeCd></mdHrLv><mdHrLvName Sync="TRUE">dataset</mdHrLvName><distInfo><distributor><distorTran><onLineSrc><orDesc Sync="TRUE">002</orDesc><linkage Sync="TRUE">file://\\file2\gisapps\geodata\parcel\parkos.shp</linkage><protocol Sync="TRUE">Local Area Network</protocol></onLineSrc><transSize Sync="TRUE">5.155</transSize></distorTran><distorFormat><formatName Sync="TRUE">Shapefile</formatName></distorFormat></distributor></distInfo><spatRepInfo><VectSpatRep><topLvl><TopoLevCd Sync="TRUE" value="001"></TopoLevCd></topLvl><geometObjs Name="parkos"><geoObjTyp><GeoObjTypCd Sync="TRUE" value="001"></GeoObjTypCd></geoObjTyp><geoObjCnt Sync="TRUE">1962</geoObjCnt></geometObjs></VectSpatRep></spatRepInfo><mdDateSt Sync="TRUE">20131224</mdDateSt><dataqual><lineage><procstep><procdesc Sync="TRUE">Metadata imported.</procdesc><srcused Sync="TRUE">W:\oldgeodata\Environment\parkos.shp.xml</srcused><date Sync="TRUE">20020806</date><time Sync="TRUE">13111600</time></procstep><procstep><procdesc Sync="TRUE">Metadata imported.</procdesc><srcused Sync="TRUE">W:\geodata\parcel\parkos.shp.xml</srcused><date Sync="TRUE">20040212</date><time Sync="TRUE">11151100</time></procstep><procstep><procdesc Sync="TRUE">Dataset copied.</procdesc><srcused Sync="TRUE">W:\gis\projects\stacy\updates\pos04\1020pos</srcused><date Sync="TRUE">20040224</date><time Sync="TRUE">08284400</time></procstep></lineage></dataqual><refSysInfo><RefSystem><refSysID><identCode Sync="TRUE">NAD_1983_StatePlane_Washington_North_FIPS_4601_Feet</identCode></refSysID></RefSystem></refSysInfo></metadata>
